날짜,가맹점명,금액,카테고리,Month
2026-01-01,카카오T일반택시(법인)_3,4900,교통비,2026-01
2026-01-01,스타벅스_주문,2800,커피,2026-01
2026-01-01,버스타고_APP_네이버페이,16800,교통비,2026-01
2026-01-02,롯데리아창원상남점,1500,식비,2026-01
2026-01-03,aliexpress               London       GB,37842,쇼핑,2026-01
2026-01-03,주식회사 아성다이소,10000,생활비,2026-01
2026-01-03,주식회사 아성다이소,6000,생활비,2026-01
2026-01-06,주식회사 아성다이소,11000,생활비,2026-01
2026-01-06,이마트24 창원홈런점,5900,생활비,2026-01
2026-01-06,지에스(GS)25 산호대로점,2750,생활비,2026-01
2026-01-07,주식회사 우아한형제들,11900,식비,2026-01
2026-01-07,맥도날드창원상남점,4000,식비,2026-01
2026-01-08,주식회사 우아한형제들,11000,식비,2026-01
2026-01-10,땡겨요(신한은행),18900,식비,2026-01
2026-01-10,주식회사 아성다이소,10000,생활비,2026-01
2026-01-10,롯데리아 롯데마트마산양덕점,3000,식비,2026-01
2026-01-10,이마트24 마산야구거리점,4700,생활비,2026-01
2026-01-12,CU(씨유)창원레이크펄스점,3100,생활비,2026-01
2026-01-12,버스타고_APP_네이버페이,4500,교통비,2026-01
2026-01-12,카카오T일반택시_0,5500,교통비,2026-01
2026-01-12,베러먼데이코리아고신대학병원점,3700,커피,2026-01
2026-01-12,스타벅스_주문,1680,커피,2026-01
2026-01-13,욜로PC방 마산양덕점,3000,❓미분류,2026-01
2026-01-14,티머니 개인택시_0,13600,교통비,2026-01
2026-01-14,맥도날드창원상남점,5600,식비,2026-01
2026-01-15,(주)우아한형제들,20180,식비,2026-01
2026-01-15,빅마트24,600,❓미분류,2026-01
2026-01-18,쿠팡(와우 멤버십),7890,생활비,2026-01
2026-01-20,24시남양돼지국밥,19000,식비,2026-01
2026-01-22,쿠팡,4000,생활비,2026-01
2026-01-22,배민클럽_우아한형제들,1990,식비,2026-01
2026-01-22,(주)우아한형제들,2200,식비,2026-01
2026-01-22,주식회사 아성다이소,10000,생활비,2026-01
2026-01-23,킹스마트,28550,❓미분류,2026-01
2026-01-23,구글페이먼트코리아 유한회사,9000,❓미분류,2026-01
2026-01-24,홈플러스(주)마산점,4990,생활비,2026-01
2026-01-24,K-1 PC 방,5000,❓미분류,2026-01
2026-01-24,k2 PC방,6500,❓미분류,2026-01
2026-01-26,카카오T일반택시_0,5700,교통비,2026-01
2026-01-26,베러먼데이코리아고신대학병원점,4000,커피,2026-01
2026-01-26,(주)스타벅스코리아,7900,커피,2026-01
2026-01-26,스타벅스_주문,12320,커피,2026-01
2026-01-27,롯데리아마산양덕홈플러스점,5000,식비,2026-01
2026-01-27,스타벅스_충전 에스씨케이컴퍼）,10000,커피,2026-01
2026-01-28,GS25창원광장점,1500,❓미분류,2026-01
2026-01-28,롯데컬처웍스㈜,2000,❓미분류,2026-01
2026-01-29,쿠팡이츠,5900,식비,2026-01
2026-02-02,㈜우아한형제들,10000,식비,2026-02
2026-02-02,지에스(GS)25 산호대로점,1200,생활비,2026-02
2026-02-03,봄마리김밥 본점,5500,❓미분류,2026-02
2026-02-03,주식회사 아성다이소,20000,생활비,2026-02
2026-02-05,배스킨라빈스 마산산호점,9800,❓미분류,2026-02
2026-02-06,쿠팡,3790,생활비,2026-02
2026-02-06,(주)우아한형제들,21540,식비,2026-02
2026-02-08,스타벅스_주문,2240,커피,2026-02
2026-02-09,카카오T일반택시_0,5100,교통비,2026-02
2026-02-09,스타벅스_주문,20300,커피,2026-02
2026-02-09,전국버스운송사업조합연합회,4500,교통비,2026-02
2026-02-10,(주)우아한형제들,20050,식비,2026-02
2026-02-10,주식회사 아성다이소,20000,생활비,2026-02
2026-02-11,선물하기_카카오페,2920,❓미분류,2026-02
2026-02-11,주식회사 아성다이소,10000,생활비,2026-02
2026-02-12,오소록,3000,❓미분류,2026-02
2026-02-13,착한미용실 양덕점,9900,❓미분류,2026-02
2026-02-13,(주)이마트 창원점,29030,생활비,2026-02
2026-02-14,주식회사 아성다이소,10000,생활비,2026-02
2026-02-14,선물하기_카카오페,2920,❓미분류,2026-02
2026-02-16,세븐일레븐  마산터미널1호,4800,생활비,2026-02
2026-02-16,크라우드PC 부산 재송점,1000,❓미분류,2026-02
2026-02-17,스타벅스_주문,20740,커피,2026-02
2026-02-17,카카오_택시_9,11100,교통비,2026-02
2026-02-17,오엑스피씨방 반여동점,2500,❓미분류,2026-02
2026-02-17,오엑스피씨방 반여동점,1000,❓미분류,2026-02
2026-02-17,오엑스피씨방 반여동점,1000,❓미분류,2026-02
2026-02-18,오늘의집,13694,❓미분류,2026-02
2026-02-18,주식회사 우아한형제들,20000,식비,2026-02
2026-02-20,카카오T일반택시(법인)_3,5500,교통비,2026-02
2026-02-20,네이버플러스 멤버십,4900,❓미분류,2026-02
2026-02-20,주식회사 아성다이소,20000,생활비,2026-02
2026-02-21,(주)피플카쉐어링,27330,❓미분류,2026-02
2026-02-21,틈새라면,10000,❓미분류,2026-02
2026-02-21,(주)피플카쉐어링,28570,❓미분류,2026-02
2026-02-21,(주)피플카쉐어링,31700,❓미분류,2026-02
2026-02-22,배민클럽_우아한형제들,1990,식비,2026-02
2026-02-25,창원대학교,2191500,❓미분류,2026-02
2026-02-25,노브랜드버거이마트창원점,6500,생활비,2026-02
2026-02-27,전국버스운송사업조합연합회,4500,교통비,2026-02
2026-02-27,씨유(CU) 부산사상터미널점,2000,생활비,2026-02
2026-02-27,카카오T일반택시_0,5500,교통비,2026-02
2026-02-27,(주)스타벅스코리아,7900,커피,2026-02
2026-03-02,한국맥도날드유한회사,6000,식비,2026-03
2026-03-03,봉구스밥버거 창원대점,3500,❓미분류,2026-03
2026-03-03,KFC창원상남동,4900,❓미분류,2026-03
2026-03-03,주식회사 아성다이소,10000,생활비,2026-03
2026-03-04,㈜ 교보문고,1000,기타-예비비,2026-03
2026-03-04,KFC창원상남동,6500,❓미분류,2026-03
2026-03-04,카카오T일반택시_0,4700,교통비,2026-03
2026-03-04,국립창원대학교생활협동조합,900,❓미분류,2026-03
2026-03-06,(주)피플카쉐어링,3100,❓미분류,2026-03
2026-03-06,(주)피플카쉐어링,3400,❓미분류,2026-03
2026-03-07,투썸플레이스 마산산호점(3),5000,커피,2026-03
2026-03-08,네이버페이_DEG 네이버파이낸셜 주식,20920,❓미분류,2026-03
2026-03-09,역전우동0410 창원상남점,4500,❓미분류,2026-03
2026-03-10,이마트24 R창원시그니처M점,4600,생활비,2026-03
2026-03-10,스타벅스_주문,1800,커피,2026-03
2026-03-11,봉구스밥버거 창원대점,3500,❓미분류,2026-03
2026-03-12,주식회사 아성다이소,20000,생활비,2026-03
2026-03-12,씨유(CU) 창원대스타점,2200,생활비,2026-03
2026-03-12,도스마스  창원대점,5000,❓미분류,2026-03
2026-03-13,이마트24 마산야구거리점,1300,생활비,2026-03
2026-03-16,카카오_택시_0,5500,교통비,2026-03
2026-03-16,롯데리아창원대점,5000,식비,2026-03
2026-03-17,이마트24 R창원시그니처M점,5100,생활비,2026-03
2026-03-17,더빈스트커피 창원중앙역점,2700,❓미분류,2026-03
2026-03-17,이마트24 마산야구거리점,9000,생활비,2026-03
2026-03-18,스마일페이 G마켓 상품권,8000,❓미분류,2026-03
2026-03-19,스타벅스코리아,6580,커피,2026-03
2026-03-20,일식당오구,5900,❓미분류,2026-03
2026-03-20,네이버플러스 멤버십,4900,❓미분류,2026-03
2026-03-21,버스타고_APP_네이버페이,12900,교통비,2026-03
2026-03-21,aliexpress               London       GB,9534,쇼핑,2026-03
2026-03-21,카카오T일반택시(법인)_4,5200,교통비,2026-03
2026-03-21,토스페이_토스쇼핑,1900,❓미분류,2026-03
2026-03-22,배민클럽_우아한형제들,1990,식비,2026-03
2026-03-23,일식당오구,5900,❓미분류,2026-03
2026-03-23,스타벅스_주문,3000,커피,2026-03
2026-03-24,이마트24 R창원시그니처M점,5400,생활비,2026-03
2026-03-24,(주)스타벅스코리아,3150,커피,2026-03
2026-03-24,이마트24 창원대위성점,1000,생활비,2026-03
2026-03-24,주식회사 아성다이소,10000,생활비,2026-03
2026-03-25,(주)롯데리아마산터미널점,3500,식비,2026-03
2026-03-25,이마트24 창원대위성점,1000,생활비,2026-03
2026-03-25,바로알림서비스 03월이용료,300,❓미분류,2026-03
2026-03-25,주식회사 지마켓,15510,❓미분류,2026-03
2026-03-26,카카오T일반택시(법인)_3,4300,교통비,2026-03
2026-03-26,쿠팡,33668,생활비,2026-03
2026-03-26,인사이드커피,5000,❓미분류,2026-03
2026-03-26,롯데마트 양덕점(일반매장),8040,❓미분류,2026-03
2026-03-27,(주)우아한형제들,10601,식비,2026-03
2026-03-27,홈플러스(주)마산점,990,생활비,2026-03
2026-03-28,한솥도시락,4900,❓미분류,2026-03
2026-03-28,한국맥도날드유한회사 마산석전DT점,1500,식비,2026-03
2026-03-28,주식회사 아성다이소,10000,생활비,2026-03
2026-03-29,지에스(GS)25 창원용지롯데점,2400,생활비,2026-03
2026-03-30,써브웨이 창원중앙역점,4300,식비,2026-03
2026-03-30,쿠팡,59210,생활비,2026-03
2026-03-30,쿠팡(와우멤버십),7890,생활비,2026-03
2026-03-31,주식회사 아성다이소,5000,생활비,2026-03
2026-03-31,봉구스밥버거 창원대점,3500,❓미분류,2026-03
2026-04-01,이마트24 창원대위성점,1000,생활비,2026-04
2026-04-02,주식회사 아성다이소,10000,생활비,2026-04
2026-04-02,(주)스타벅스코리아,7900,커피,2026-04
2026-04-02,케이에프씨 유니씨티점(더함디앤씨),8100,❓미분류,2026-04
2026-04-03,www.aliexpress.com       LONDON       GB,3738,쇼핑,2026-04
2026-04-03,써브웨이창원용지호수,4300,식비,2026-04
2026-04-04,쿠팡,5500,생활비,2026-04
2026-04-05,쿠팡이츠,5700,식비,2026-04
2026-04-06,스타벅스_주문,3150,커피,2026-04
2026-04-06,한국맥도날드유한회사,3000,식비,2026-04
2026-04-06,맥도날드창원상남점,2000,식비,2026-04
2026-04-07,카카오_상품권_삼성페이,77950,❓미분류,2026-04
2026-04-07,카카오_택시_0,4300,교통비,2026-04
2026-04-07,이마트24 R창원시그니처M점,2400,생활비,2026-04
2026-04-07,스타벅스_충전 에스씨케이컴퍼）,10000,커피,2026-04
2026-04-08,(주)이마트 창원점,1040,생활비,2026-04
2026-04-09,쿠팡이츠,5500,식비,2026-04
2026-04-09,쿠팡,37400,생활비,2026-04
2026-04-09,카카오T일반택시(법인)_3,4400,교통비,2026-04
2026-04-09,쿠팡이츠,7900,식비,2026-04
2026-04-10,프레전트 마산산호점,1100,❓미분류,2026-04
2026-04-11,aliexpress               London       GB,6244,쇼핑,2026-04
2026-04-12,네이버페이 네이버,14400,❓미분류,2026-04
2026-04-13,맥도날드창원상남점,4200,식비,2026-04
2026-04-13,SK통신료 03월 - 179074,2920,고정 지출,2026-04
2026-04-14,이마트24 R창원시그니처M점,2550,생활비,2026-04
2026-04-14,주식회사 아성다이소,10000,생활비,2026-04
2026-04-15,이동의즐거움_택시_0,5800,교통비,2026-04
2026-04-15,한솔식당,4000,❓미분류,2026-04
2026-04-15,메가엠지씨커피 창원상남점,2000,❓미분류,2026-04
2026-04-15,aliexpress               London       GB,10598,쇼핑,2026-04
2026-04-15,한국맥도날드유한회사,1500,식비,2026-04
2026-04-16,지에스(GS)25 산호대로점,990,생활비,2026-04
2026-04-16,뜸들이다,7900,❓미분류,2026-04
2026-04-16,쿠팡,130590,생활비,2026-04
2026-04-19,스타벅스_충전 에스씨케이컴퍼）,10000,커피,2026-04
2026-04-20,네이버플러스 멤버십,4900,❓미분류,2026-04
2026-04-20,㈜우아한형제들,7100,식비,2026-04
2026-04-21,케이에프씨 유니씨티점(더함디앤씨),3300,❓미분류,2026-04
2026-04-22,배민클럽_우아한형제들,1990,식비,2026-04
2026-04-23,스타벅스코리아,3290,커피,2026-04
2026-04-23,스타벅스_충전 에스씨케이컴퍼）,10000,커피,2026-04
2026-04-23,맥도날드창원상남점,3800,식비,2026-04
2026-04-24,바로알림서비스 04월이용료,300,❓미분류,2026-04
2026-04-26,한국맥도날드유한회사 마산석전DT점,1500,식비,2026-04
2026-04-26,한국맥도날드유한회사,3100,식비,2026-04
2026-04-27,스타벅스_충전 에스씨케이컴퍼）,10000,커피,2026-04
2026-04-27,네이버페이 네이버,5340,❓미분류,2026-04
2026-04-27,맥도날드창원상남점,4000,식비,2026-04
2026-04-28,봉구스밥버거 창원대점,3500,❓미분류,2026-04
2026-04-28,씨유(CU) 창원대스타점,1300,생활비,2026-04
2026-04-29,맥도날드창원상남점,1500,식비,2026-04
2026-04-29,맥도날드창원상남점,3800,식비,2026-04
2026-04-30,모빌카드 충전,10350,❓미분류,2026-04
2026-05-01,(주)스타벅스코리아,7900,커피,2026-05
2026-05-01,주식회사 아성다이소,10000,생활비,2026-05
2026-05-01,이디야커피 창원상남점,3700,커피,2026-05
2026-05-02,aliexpress               London       GB,24346,쇼핑,2026-05
2026-05-04,주식회사 아성다이소,10000,생활비,2026-05
2026-05-04,스타벅스_충전 에스씨케이컴퍼）,10000,커피,2026-05
2026-05-04,알파 창원법원점,2000,❓미분류,2026-05
2026-05-04,지에스(GS)25 사파법무점,2000,생활비,2026-05
2026-05-04,맥도날드창원상남점,1500,식비,2026-05
2026-05-07,쿠팡(와우 멤버십),7890,생활비,2026-05
2026-05-07,주식회사 아성다이소,10000,생활비,2026-05
2026-05-07,디저트(DESSERT)39 용지호수공원점,1900,❓미분류,2026-05
2026-05-07,써브웨이창원용지호수,4300,식비,2026-05
2026-05-07,카카오_택시_0,4000,교통비,2026-05
2026-05-07,엠에스(MS)자동판매기,800,❓미분류,2026-05
2026-05-08,카카오_택시_0,5500,교통비,2026-05
2026-05-08,스타벅스_충전 에스씨케이컴퍼）,10000,커피,2026-05
2026-05-10,쿠팡,420,생활비,2026-05
2026-05-10,해쉬커피 창원상남동스타타워즈점,6300,❓미분류,2026-05
2026-05-11,SK통신료 04월 - 179074,2920,고정 지출,2026-05
2026-05-11,이마트24 R창원시그니처M점,1300,생활비,2026-05
2026-05-11,맥도날드창원상남점,3500,식비,2026-05
2026-05-12,(주)이디야,3900,커피,2026-05
2026-05-12,이마트24 R창원시그니처M점,3900,생활비,2026-05
2026-05-13,이마트24 R창원시그니처M점,4000,생활비,2026-05
2026-05-13,맥도날드창원상남점,3300,식비,2026-05
2026-05-14,주식회사 아성다이소,10000,생활비,2026-05
2026-05-14,컴포즈커피마산산호점,7400,❓미분류,2026-05
2026-05-15,틈새라면,7500,❓미분류,2026-05
2026-05-15,(주)플랙스뉴럴랩스,6574,❓미분류,2026-05
2026-05-17,"마산  신세계 청과신선(특,면)기",5900,❓미분류,2026-05
2026-05-17,"마산  신세계 수입식품(특,과)",3800,❓미분류,2026-05
2026-05-18,쿠팡,11460,생활비,2026-05
2026-05-18,주식회사 아성다이소,10000,생활비,2026-05
2026-05-18,맥도날드창원상남점,3900,식비,2026-05
2026-05-18,맥도날드창원상남점,1500,식비,2026-05
2026-05-19,카카오_택시_0,6600,교통비,2026-05
2026-05-19,이마트24 R창원시그니처M점,2450,생활비,2026-05
2026-05-20,네이버플러스 멤버십,4900,❓미분류,2026-05
2026-05-20,국립창원대학교생활협동조합,2500,❓미분류,2026-05
2026-05-21,춘하추동칼국수,7000,❓미분류,2026-05
2026-05-21,컴포즈마산합포로점,3300,❓미분류,2026-05
2026-05-22,디엘의원,6768000,❓미분류,2026-05
2026-05-22,바로알림서비스 05월이용료,300,❓미분류,2026-05
2026-05-22,배민클럽_우아한형제들,1990,식비,2026-05
2026-05-23,쿠팡이츠,7900,식비,2026-05
2026-05-24,라멘야 상남점,10500,❓미분류,2026-05
2026-05-25,스타벅스_주문,600,커피,2026-05
2026-05-26,이디야커피 창원대중앙점,3900,커피,2026-05
2026-05-26,이마트24 R창원시그니처M점,4500,생활비,2026-05
2026-05-30,카카오T일반택시(법인)_3,5400,교통비,2026-05
2026-05-30,스타벅스_충전 에스씨케이컴퍼）,10000,커피,2026-05
2026-05-30,스타벅스_충전 에스씨케이컴퍼）,10000,커피,2026-05
2026-06-01,국립창원대학교생활협동조합,2000,❓미분류,2026-06
2026-06-02,카카오T일반택시_0,7300,교통비,2026-06
2026-06-02,이마트24 R창원시그니처M점,3000,생활비,2026-06
2026-06-02,(주)스타벅스코리아,7900,커피,2026-06
2026-06-02,주식회사 아성다이소,10000,생활비,2026-06
2026-06-03,알투식당,8500,❓미분류,2026-06
2026-06-03,맥도날드창원상남점,1500,식비,2026-06
2026-06-04,주식회사 아성다이소,22000,생활비,2026-06
2026-06-04,스타벅스_주문,2940,커피,2026-06
2026-06-04,모빌카드 충전,10350,❓미분류,2026-06
2026-06-05,쿠팡이츠,10900,식비,2026-06
2026-06-05,aliexpress               London       GB,10850,쇼핑,2026-06
2026-06-07,씨유(CU) 창원상남공원점,1300,생활비,2026-06
2026-06-08,이마트24 R창원시그니처M점,5200,생활비,2026-06
2026-06-08,스타벅스_충전 에스씨케이컴퍼）,10000,커피,2026-06
2026-06-09,스타벅스_충전 에스씨케이컴퍼）,10000,커피,2026-06
2026-06-09,버거킹 마산회원FS점,4900,식비,2026-06
2026-06-11,SK통신료 05월 - 179074,2920,고정 지출,2026-06
2026-06-11,SK통신료 05월 - 179074,17160,고정 지출,2026-06
2026-06-11,SK통신료 05월 - 179074,7190,고정 지출,2026-06
2026-06-12,주식회사 우아한형제들,20300,식비,2026-06
2026-06-13,www aliexpress com       LUXEMBOURG   LU,8778,쇼핑,2026-06
2026-06-13,aliexpress               London       GB,16450,쇼핑,2026-06
2026-06-15,주식회사 아성다이소,10000,생활비,2026-06
2026-06-15,맥도날드창원상남점,2500,식비,2026-06
2026-06-15,국립창원대학교생활협동조합,2500,❓미분류,2026-06
2026-06-16,쿠팡,20260,생활비,2026-06
2026-06-16,창원레포츠파크,30000,❓미분류,2026-06
2026-06-17,스타벅스_충전 에스씨케이컴퍼）,10000,커피,2026-06
2026-06-18,토스페이_무신사,30740,❓미분류,2026-06
2026-06-18,(유)찐한 순대국밥 창원용호점,9500,식비,2026-06
2026-06-19,카카오T일반택시_0,12200,교통비,2026-06
2026-06-20,네이버플러스 멤버십,4900,❓미분류,2026-06
2026-06-21,우마이규동,7900,❓미분류,2026-06
2026-06-22,배민클럽_우아한형제들,1990,식비,2026-06
2026-06-22,맥도날드창원상남점,1800,식비,2026-06
2026-06-23,배스킨라빈스 마산산호점,3200,❓미분류,2026-06
2026-06-24,(주)케이에프씨코리아,3500,❓미분류,2026-06
2026-06-25,쿠팡,3590,생활비,2026-06
2026-06-25,쿠팡,240,생활비,2026-06
2026-06-25,쿠팡(와우멤버십),7890,생활비,2026-06
2026-06-25,aliexpress               London       GB,8778,쇼핑,2026-06
2026-06-26,반반스프링스,4600,❓미분류,2026-06
2026-06-26,한국철도공사_간편,2600,❓미분류,2026-06
2026-06-26,(주)케이에프씨코리아,3700,❓미분류,2026-06
